"","task","trial_type","trial_num","original_name","stim","stimAudioUrl","stimImageUrl","goal","goalAudioUrl","goalImageUrl","foil1","foilAudioUrl","foilImageUrl","foil2","foil2AudioUrl","foil2ImageUrl","quest","questUrl","feedback_conf","feed1Url","feedback_foil1","feed2Url","feedback_foil2","feed3Url","instr","composite.a","composite.b","composite.c","composite.d","fsm.a","fsm.b","fsm.c","fsm.d","lsm.a","lsm.b","lsm.c","lsm.d","del.a","del.b","del.c","del.d","practiceFSM.a","practiceFSM.b","practiceFSM.c","practiceFSM.d","practiceLSM.a","practiceLSM.b","practiceLSM.c","practiceLSM.d","practiceDEL.a","practiceDEL.b","practiceDEL.c","practiceDEL.d","composite_foundational.a","composite_foundational.b","composite_foundational.c","composite_foundational.d"
"1","test","FSM",1,4,"seal","https://storage.googleapis.com/roar-pa/en/shared/seal.mp3","https://storage.googleapis.com/roar-pa/shared/seal.webp","sun","https://storage.googleapis.com/roar-pa/en/shared/sun.mp3","https://storage.googleapis.com/roar-pa/shared/sun.webp","leaf","https://storage.googleapis.com/roar-pa/en/shared/leaf.mp3","https://storage.googleapis.com/roar-pa/shared/leaf.webp","hen","https://storage.googleapis.com/roar-pa/en/shared/hen.mp3","https://storage.googleapis.com/roar-pa/shared/hen.webp","ns_-059","https://storage.googleapis.com/roar-pa/en/shared/ns_-059.mp3","ns_-013","https://storage.googleapis.com/roar-pa/en/shared/ns_-013.mp3","ns_-013","https://storage.googleapis.com/roar-pa/en/shared/ns_-013.mp3","ns_-013","https://storage.googleapis.com/roar-pa/en/shared/ns_-013.mp3",NA,1,-2.01841558684638,0.333,1,1,-1.94239581655246,0.333,1,NA,NA,NA,NA,NA,NA,NA,NA,NA,NA,NA,NA,NA,NA,NA,NA,NA,NA,NA,NA,1,-3.37622944106644,0.333,1
"2","test","FSM",2,12,"zip","https://storage.googleapis.com/roar-pa/en/shared/zip.mp3","https://storage.googleapis.com/roar-pa/shared/zip.webp","zoo","https://storage.googleapis.com/roar-pa/en/shared/zoo.mp3","https://storage.googleapis.com/roar-pa/shared/zoo.webp","pup","https://storage.googleapis.com/roar-pa/en/shared/pup.mp3","https://storage.googleapis.com/roar-pa/shared/pup.webp","fin","https://storage.googleapis.com/roar-pa/en/shared/fin.mp3","https://storage.googleapis.com/roar-pa/shared/fin.webp","ns_-057","https://storage.googleapis.com/roar-pa/en/shared/ns_-057.mp3","ns_-013","https://storage.googleapis.com/roar-pa/en/shared/ns_-013.mp3","ns_-013","https://storage.googleapis.com/roar-pa/en/shared/ns_-013.mp3","ns_-013","https://storage.googleapis.com/roar-pa/en/shared/ns_-013.mp3",NA,1,-2.92753040928248,0.333,1,1,-2.82841730511566,0.333,1,NA,NA,NA,NA,NA,NA,NA,NA,NA,NA,NA,NA,NA,NA,NA,NA,NA,NA,NA,NA,1,-4.35868902864019,0.333,1
"3","test","FSM",3,5,"dog","https://storage.googleapis.com/roar-pa/en/shared/dog.mp3","https://storage.googleapis.com/roar-pa/shared/dog.webp","dam","https://storage.googleapis.com/roar-pa/en/shared/dam.mp3","https://storage.googleapis.com/roar-pa/shared/dam.webp","goat","https://storage.googleapis.com/roar-pa/en/shared/goat.mp3","https://storage.googleapis.com/roar-pa/shared/goat.webp","mop","https://storage.googleapis.com/roar-pa/en/shared/mop.mp3","https://storage.googleapis.com/roar-pa/shared/mop.webp","ns_-060","https://storage.googleapis.com/roar-pa/en/shared/ns_-060.mp3","ns_-013","https://storage.googleapis.com/roar-pa/en/shared/ns_-013.mp3","ns_-013","https://storage.googleapis.com/roar-pa/en/shared/ns_-013.mp3","ns_-013","https://storage.googleapis.com/roar-pa/en/shared/ns_-013.mp3",NA,1,-1.39107764687847,0.333,1,1,-1.3268990927617,0.333,1,NA,NA,NA,NA,NA,NA,NA,NA,NA,NA,NA,NA,NA,NA,NA,NA,NA,NA,NA,NA,1,-2.65290606638308,0.333,1
"4","test","FSM",4,6,"fin","https://storage.googleapis.com/roar-pa/en/shared/fin.mp3","https://storage.googleapis.com/roar-pa/shared/fin.webp","foot","https://storage.googleapis.com/roar-pa/en/shared/foot.mp3","https://storage.googleapis.com/roar-pa/shared/foot.webp","net","https://storage.googleapis.com/roar-pa/en/shared/net.mp3","https://storage.googleapis.com/roar-pa/shared/net.webp","lip","https://storage.googleapis.com/roar-pa/en/shared/lip.mp3","https://storage.googleapis.com/roar-pa/shared/lip.webp","ns_-061","https://storage.googleapis.com/roar-pa/en/shared/ns_-061.mp3","ns_-013","https://storage.googleapis.com/roar-pa/en/shared/ns_-013.mp3","ns_-013","https://storage.googleapis.com/roar-pa/en/shared/ns_-013.mp3","ns_-013","https://storage.googleapis.com/roar-pa/en/shared/ns_-013.mp3",NA,1,-1.37232240958863,0.333,1,1,-1.30171719156785,0.333,1,NA,NA,NA,NA,NA,NA,NA,NA,NA,NA,NA,NA,NA,NA,NA,NA,NA,NA,NA,NA,1,-2.4536455850672,0.333,1
"5","test","FSM",5,17,"trunk","https://storage.googleapis.com/roar-pa/en/shared/trunk.mp3","https://storage.googleapis.com/roar-pa/shared/trunk.webp","train","https://storage.googleapis.com/roar-pa/en/shared/train.mp3","https://storage.googleapis.com/roar-pa/shared/train.webp","key","https://storage.googleapis.com/roar-pa/en/shared/key.mp3","https://storage.googleapis.com/roar-pa/shared/key.webp","sun","https://storage.googleapis.com/roar-pa/en/shared/sun.mp3","https://storage.googleapis.com/roar-pa/shared/sun.webp","ns_-071","https://storage.googleapis.com/roar-pa/en/shared/ns_-071.mp3","ns_-013","https://storage.googleapis.com/roar-pa/en/shared/ns_-013.mp3","ns_-013","https://storage.googleapis.com/roar-pa/en/shared/ns_-013.mp3","ns_-013","https://storage.googleapis.com/roar-pa/en/shared/ns_-013.mp3",NA,1,-1.75670087606426,0.333,1,1,-1.67618262316941,0.333,1,NA,NA,NA,NA,NA,NA,NA,NA,NA,NA,NA,NA,NA,NA,NA,NA,NA,NA,NA,NA,1,-3.00236635732207,0.333,1
"6","test","FSM",6,1,"pin","https://storage.googleapis.com/roar-pa/en/shared/pin.mp3","https://storage.googleapis.com/roar-pa/shared/pin.webp","pup","https://storage.googleapis.com/roar-pa/en/shared/pup.mp3","https://storage.googleapis.com/roar-pa/shared/pup.webp","nut","https://storage.googleapis.com/roar-pa/en/shared/nut.mp3","https://storage.googleapis.com/roar-pa/shared/nut.webp","zip","https://storage.googleapis.com/roar-pa/en/shared/zip.mp3","https://storage.googleapis.com/roar-pa/shared/zip.webp","ns_-055","https://storage.googleapis.com/roar-pa/en/shared/ns_-055.mp3","ns_-013","https://storage.googleapis.com/roar-pa/en/shared/ns_-013.mp3","ns_-013","https://storage.googleapis.com/roar-pa/en/shared/ns_-013.mp3","ns_-013","https://storage.googleapis.com/roar-pa/en/shared/ns_-013.mp3",NA,1,-0.61725939285812,0.333,1,1,-0.575133120237953,0.333,1,NA,NA,NA,NA,NA,NA,NA,NA,NA,NA,NA,NA,NA,NA,NA,NA,NA,NA,NA,NA,1,-1.43916916759266,0.333,1
"7","test","FSM",7,11,"cut","https://storage.googleapis.com/roar-pa/en/shared/cut.mp3","https://storage.googleapis.com/roar-pa/shared/cut.webp","car","https://storage.googleapis.com/roar-pa/en/shared/car.mp3","https://storage.googleapis.com/roar-pa/shared/car.webp","race","https://storage.googleapis.com/roar-pa/en/shared/race.mp3","https://storage.googleapis.com/roar-pa/shared/race.webp","gum","https://storage.googleapis.com/roar-pa/en/shared/gum.mp3","https://storage.googleapis.com/roar-pa/shared/gum.webp","ns_-066","https://storage.googleapis.com/roar-pa/en/shared/ns_-066.mp3","ns_-013","https://storage.googleapis.com/roar-pa/en/shared/ns_-013.mp3","ns_-013","https://storage.googleapis.com/roar-pa/en/shared/ns_-013.mp3","ns_-013","https://storage.googleapis.com/roar-pa/en/shared/ns_-013.mp3",NA,1,-1.06828401987621,0.333,1,1,-1.04316373537696,0.333,1,NA,NA,NA,NA,NA,NA,NA,NA,NA,NA,NA,NA,NA,NA,NA,NA,NA,NA,NA,NA,1,-2.1706844845975,0.333,1
"8","test","FSM",8,18,"prince","https://storage.googleapis.com/roar-pa/en/shared/prince.mp3","https://storage.googleapis.com/roar-pa/shared/prince.webp","plate","https://storage.googleapis.com/roar-pa/en/shared/plate.mp3","https://storage.googleapis.com/roar-pa/shared/plate.webp","sun","https://storage.googleapis.com/roar-pa/en/shared/sun.mp3","https://storage.googleapis.com/roar-pa/shared/sun.webp","zip","https://storage.googleapis.com/roar-pa/en/shared/zip.mp3","https://storage.googleapis.com/roar-pa/shared/zip.webp","ns_-072","https://storage.googleapis.com/roar-pa/en/shared/ns_-072.mp3","ns_-013","https://storage.googleapis.com/roar-pa/en/shared/ns_-013.mp3","ns_-013","https://storage.googleapis.com/roar-pa/en/shared/ns_-013.mp3","ns_-013","https://storage.googleapis.com/roar-pa/en/shared/ns_-013.mp3",NA,1,-1.8717542979291,0.333,1,1,-1.83675570062184,0.333,1,NA,NA,NA,NA,NA,NA,NA,NA,NA,NA,NA,NA,NA,NA,NA,NA,NA,NA,NA,NA,1,-3.1053618037486,0.333,1
"9","test","FSM",9,10,"lip","https://storage.googleapis.com/roar-pa/en/shared/lip.mp3","https://storage.googleapis.com/roar-pa/shared/lip.webp","leaf","https://storage.googleapis.com/roar-pa/en/shared/leaf.mp3","https://storage.googleapis.com/roar-pa/shared/leaf.webp","pup","https://storage.googleapis.com/roar-pa/en/shared/pup.mp3","https://storage.googleapis.com/roar-pa/shared/pup.webp","fin","https://storage.googleapis.com/roar-pa/en/shared/fin.mp3","https://storage.googleapis.com/roar-pa/shared/fin.webp","ns_-065","https://storage.googleapis.com/roar-pa/en/shared/ns_-065.mp3","ns_-013","https://storage.googleapis.com/roar-pa/en/shared/ns_-013.mp3","ns_-013","https://storage.googleapis.com/roar-pa/en/shared/ns_-013.mp3","ns_-013","https://storage.googleapis.com/roar-pa/en/shared/ns_-013.mp3",NA,1,-1.45518738929503,0.333,1,1,-1.4503761922314,0.333,1,NA,NA,NA,NA,NA,NA,NA,NA,NA,NA,NA,NA,NA,NA,NA,NA,NA,NA,NA,NA,1,-2.52348597578483,0.333,1
"10","test","FSM",10,15,"nut","https://storage.googleapis.com/roar-pa/en/shared/nut.mp3","https://storage.googleapis.com/roar-pa/shared/nut.webp","nose","https://storage.googleapis.com/roar-pa/en/shared/nose.mp3","https://storage.googleapis.com/roar-pa/shared/nose.webp","toe","https://storage.googleapis.com/roar-pa/en/shared/toe.mp3","https://storage.googleapis.com/roar-pa/shared/toe.webp","pup","https://storage.googleapis.com/roar-pa/en/shared/pup.mp3","https://storage.googleapis.com/roar-pa/shared/pup.webp","ns_-069","https://storage.googleapis.com/roar-pa/en/shared/ns_-069.mp3","ns_-013","https://storage.googleapis.com/roar-pa/en/shared/ns_-013.mp3","ns_-013","https://storage.googleapis.com/roar-pa/en/shared/ns_-013.mp3","ns_-013","https://storage.googleapis.com/roar-pa/en/shared/ns_-013.mp3",NA,1,-1.3314297182136,0.333,1,1,-1.32424671145179,0.333,1,NA,NA,NA,NA,NA,NA,NA,NA,NA,NA,NA,NA,NA,NA,NA,NA,NA,NA,NA,NA,1,-2.58093534983126,0.333,1
"11","test","FSM",11,22,"ghost","https://storage.googleapis.com/roar-pa/en/shared/ghost.mp3","https://storage.googleapis.com/roar-pa/shared/ghost.webp","green","https://storage.googleapis.com/roar-pa/en/shared/green.mp3","https://storage.googleapis.com/roar-pa/shared/green.webp","train","https://storage.googleapis.com/roar-pa/en/shared/train.mp3","https://storage.googleapis.com/roar-pa/shared/train.webp","nose","https://storage.googleapis.com/roar-pa/en/shared/nose.mp3","https://storage.googleapis.com/roar-pa/shared/nose.webp","ns_-076","https://storage.googleapis.com/roar-pa/en/shared/ns_-076.mp3","ns_-013","https://storage.googleapis.com/roar-pa/en/shared/ns_-013.mp3","ns_-013","https://storage.googleapis.com/roar-pa/en/shared/ns_-013.mp3","ns_-013","https://storage.googleapis.com/roar-pa/en/shared/ns_-013.mp3",NA,1,-1.39129369822261,0.333,1,1,-1.3917554006838,0.333,1,NA,NA,NA,NA,NA,NA,NA,NA,NA,NA,NA,NA,NA,NA,NA,NA,NA,NA,NA,NA,1,-2.40605280438341,0.333,1
"12","test","FSM",12,23,"clown","https://storage.googleapis.com/roar-pa/en/shared/clown.mp3","https://storage.googleapis.com/roar-pa/shared/clown.webp","crab","https://storage.googleapis.com/roar-pa/en/shared/crab.mp3","https://storage.googleapis.com/roar-pa/shared/crab.webp","nut","https://storage.googleapis.com/roar-pa/en/shared/nut.mp3","https://storage.googleapis.com/roar-pa/shared/nut.webp","brown","https://storage.googleapis.com/roar-pa/en/shared/brown.mp3","https://storage.googleapis.com/roar-pa/shared/brown.webp","ns_-077","https://storage.googleapis.com/roar-pa/en/shared/ns_-077.mp3","ns_-013","https://storage.googleapis.com/roar-pa/en/shared/ns_-013.mp3","ns_-013","https://storage.googleapis.com/roar-pa/en/shared/ns_-013.mp3","ns_-013","https://storage.googleapis.com/roar-pa/en/shared/ns_-013.mp3",NA,1,-1.05353042023443,0.333,1,1,-1.0854644347339,0.333,1,NA,NA,NA,NA,NA,NA,NA,NA,NA,NA,NA,NA,NA,NA,NA,NA,NA,NA,NA,NA,1,-2.10580986467535,0.333,1
"13","test","FSM",13,7,"goat","https://storage.googleapis.com/roar-pa/en/shared/goat.mp3","https://storage.googleapis.com/roar-pa/shared/goat.webp","gum","https://storage.googleapis.com/roar-pa/en/shared/gum.mp3","https://storage.googleapis.com/roar-pa/shared/gum.webp","ten","https://storage.googleapis.com/roar-pa/en/shared/ten.mp3","https://storage.googleapis.com/roar-pa/shared/ten.webp","boat","https://storage.googleapis.com/roar-pa/en/shared/boat.mp3","https://storage.googleapis.com/roar-pa/shared/boat.webp","ns_-062","https://storage.googleapis.com/roar-pa/en/shared/ns_-062.mp3","ns_-013","https://storage.googleapis.com/roar-pa/en/shared/ns_-013.mp3","ns_-013","https://storage.googleapis.com/roar-pa/en/shared/ns_-013.mp3","ns_-013","https://storage.googleapis.com/roar-pa/en/shared/ns_-013.mp3",NA,1,-1.33688128245236,0.333,1,1,-1.36020066308631,0.333,1,NA,NA,NA,NA,NA,NA,NA,NA,NA,NA,NA,NA,NA,NA,NA,NA,NA,NA,NA,NA,1,-2.14467706463863,0.333,1
"14","test","FSM",14,14,"boat","https://storage.googleapis.com/roar-pa/en/shared/boat.mp3","https://storage.googleapis.com/roar-pa/shared/boat.webp","bell","https://storage.googleapis.com/roar-pa/en/shared/bell.mp3","https://storage.googleapis.com/roar-pa/shared/bell.webp","leaf","https://storage.googleapis.com/roar-pa/en/shared/leaf.mp3","https://storage.googleapis.com/roar-pa/shared/leaf.webp","goat","https://storage.googleapis.com/roar-pa/en/shared/goat.mp3","https://storage.googleapis.com/roar-pa/shared/goat.webp","ns_-068","https://storage.googleapis.com/roar-pa/en/shared/ns_-068.mp3","ns_-013","https://storage.googleapis.com/roar-pa/en/shared/ns_-013.mp3","ns_-013","https://storage.googleapis.com/roar-pa/en/shared/ns_-013.mp3","ns_-013","https://storage.googleapis.com/roar-pa/en/shared/ns_-013.mp3",NA,1,-0.637403261271324,0.333,1,1,-0.689853206788524,0.333,1,NA,NA,NA,NA,NA,NA,NA,NA,NA,NA,NA,NA,NA,NA,NA,NA,NA,NA,NA,NA,1,-1.44955546977066,0.333,1
"15","test","FSM",15,21,"flight","https://storage.googleapis.com/roar-pa/en/shared/flight.mp3","https://storage.googleapis.com/roar-pa/shared/flight.webp","fridge","https://storage.googleapis.com/roar-pa/en/shared/fridge.mp3","https://storage.googleapis.com/roar-pa/shared/fridge.webp","ten","https://storage.googleapis.com/roar-pa/en/shared/ten.mp3","https://storage.googleapis.com/roar-pa/shared/ten.webp","kite","https://storage.googleapis.com/roar-pa/en/shared/kite.mp3","https://storage.googleapis.com/roar-pa/shared/kite.webp","ns_-075","https://storage.googleapis.com/roar-pa/en/shared/ns_-075.mp3","ns_-013","https://storage.googleapis.com/roar-pa/en/shared/ns_-013.mp3","ns_-013","https://storage.googleapis.com/roar-pa/en/shared/ns_-013.mp3","ns_-013","https://storage.googleapis.com/roar-pa/en/shared/ns_-013.mp3",NA,1,-0.193106521052328,0.333,1,1,-0.250742111713311,0.333,1,NA,NA,NA,NA,NA,NA,NA,NA,NA,NA,NA,NA,NA,NA,NA,NA,NA,NA,NA,NA,1,-1.06617718071749,0.333,1
"16","test","FSM",16,25,"write","https://storage.googleapis.com/roar-pa/en/shared/write.mp3","https://storage.googleapis.com/roar-pa/shared/write.webp","wrench","https://storage.googleapis.com/roar-pa/en/shared/wrench.mp3","https://storage.googleapis.com/roar-pa/shared/wrench.webp","tree","https://storage.googleapis.com/roar-pa/en/shared/tree.mp3","https://storage.googleapis.com/roar-pa/shared/tree.webp","flight","https://storage.googleapis.com/roar-pa/en/shared/flight.mp3","https://storage.googleapis.com/roar-pa/shared/flight.webp","ns_-079","https://storage.googleapis.com/roar-pa/en/shared/ns_-079.mp3","ns_-013","https://storage.googleapis.com/roar-pa/en/shared/ns_-013.mp3","ns_-013","https://storage.googleapis.com/roar-pa/en/shared/ns_-013.mp3","ns_-013","https://storage.googleapis.com/roar-pa/en/shared/ns_-013.mp3",NA,1,-0.272576818696213,0.333,1,1,-0.316518900750618,0.333,1,NA,NA,NA,NA,NA,NA,NA,NA,NA,NA,NA,NA,NA,NA,NA,NA,NA,NA,NA,NA,1,-1.35372797142195,0.333,1
"17","test","FSM",17,24,"brown","https://storage.googleapis.com/roar-pa/en/shared/brown.mp3","https://storage.googleapis.com/roar-pa/shared/brown.webp","bridge","https://storage.googleapis.com/roar-pa/en/shared/bridge.mp3","https://storage.googleapis.com/roar-pa/shared/bridge.webp","nest","https://storage.googleapis.com/roar-pa/en/shared/nest.mp3","https://storage.googleapis.com/roar-pa/shared/nest.webp","clown","https://storage.googleapis.com/roar-pa/en/shared/clown.mp3","https://storage.googleapis.com/roar-pa/shared/clown.webp","ns_-078","https://storage.googleapis.com/roar-pa/en/shared/ns_-078.mp3","ns_-013","https://storage.googleapis.com/roar-pa/en/shared/ns_-013.mp3","ns_-013","https://storage.googleapis.com/roar-pa/en/shared/ns_-013.mp3","ns_-013","https://storage.googleapis.com/roar-pa/en/shared/ns_-013.mp3",NA,1,-0.950235720614128,0.333,1,1,-0.964037157121406,0.333,1,NA,NA,NA,NA,NA,NA,NA,NA,NA,NA,NA,NA,NA,NA,NA,NA,NA,NA,NA,NA,1,-1.95931356525527,0.333,1
"18","test","FSM",18,16,"mop","https://storage.googleapis.com/roar-pa/en/shared/mop.mp3","https://storage.googleapis.com/roar-pa/shared/mop.webp","meat","https://storage.googleapis.com/roar-pa/en/shared/meat.mp3","https://storage.googleapis.com/roar-pa/shared/meat.webp","pin","https://storage.googleapis.com/roar-pa/en/shared/pin.mp3","https://storage.googleapis.com/roar-pa/shared/pin.webp","hop","https://storage.googleapis.com/roar-pa/en/shared/hop.mp3","https://storage.googleapis.com/roar-pa/shared/hop.webp","ns_-070","https://storage.googleapis.com/roar-pa/en/shared/ns_-070.mp3","ns_-013","https://storage.googleapis.com/roar-pa/en/shared/ns_-013.mp3","ns_-013","https://storage.googleapis.com/roar-pa/en/shared/ns_-013.mp3","ns_-013","https://storage.googleapis.com/roar-pa/en/shared/ns_-013.mp3",NA,1,-0.679263205392896,0.333,1,1,-0.706661923029046,0.333,1,NA,NA,NA,NA,NA,NA,NA,NA,NA,NA,NA,NA,NA,NA,NA,NA,NA,NA,NA,NA,1,-1.63174860162346,0.333,1
"19","test","FSM",19,8,"hen","https://storage.googleapis.com/roar-pa/en/shared/hen.mp3","https://storage.googleapis.com/roar-pa/shared/hen.webp","hop","https://storage.googleapis.com/roar-pa/en/shared/hop.mp3","https://storage.googleapis.com/roar-pa/shared/hop.webp","nose","https://storage.googleapis.com/roar-pa/en/shared/nose.mp3","https://storage.googleapis.com/roar-pa/shared/nose.webp","ten","https://storage.googleapis.com/roar-pa/en/shared/ten.mp3","https://storage.googleapis.com/roar-pa/shared/ten.webp","ns_-063","https://storage.googleapis.com/roar-pa/en/shared/ns_-063.mp3","ns_-013","https://storage.googleapis.com/roar-pa/en/shared/ns_-013.mp3","ns_-013","https://storage.googleapis.com/roar-pa/en/shared/ns_-013.mp3","ns_-013","https://storage.googleapis.com/roar-pa/en/shared/ns_-013.mp3",NA,1,-0.0029576736195693,0.333,1,1,-0.0456393124396998,0.333,1,NA,NA,NA,NA,NA,NA,NA,NA,NA,NA,NA,NA,NA,NA,NA,NA,NA,NA,NA,NA,NA,NA,NA,NA
"20","test","LSM",1,19,"girl","https://storage.googleapis.com/roar-pa/en/shared/girl.mp3","https://storage.googleapis.com/roar-pa/shared/girl.webp","pearl","https://storage.googleapis.com/roar-pa/en/shared/pearl.mp3","https://storage.googleapis.com/roar-pa/shared/pearl.webp","goat","https://storage.googleapis.com/roar-pa/en/shared/goat.mp3","https://storage.googleapis.com/roar-pa/shared/goat.webp","skunk","https://storage.googleapis.com/roar-pa/en/shared/skunk.mp3","https://storage.googleapis.com/roar-pa/shared/skunk.webp","ns_-098","https://storage.googleapis.com/roar-pa/en/shared/ns_-098.mp3","ns_-013","https://storage.googleapis.com/roar-pa/en/shared/ns_-013.mp3","ns_-013","https://storage.googleapis.com/roar-pa/en/shared/ns_-013.mp3","ns_-013","https://storage.googleapis.com/roar-pa/en/shared/ns_-013.mp3",NA,1,-1.03652839383457,0.333,1,NA,NA,NA,NA,1,-1.09870834313247,0.333,1,NA,NA,NA,NA,NA,NA,NA,NA,NA,NA,NA,NA,NA,NA,NA,NA,1,-2.37179926356514,0.333,1
"21","test","LSM",2,18,"corn","https://storage.googleapis.com/roar-pa/en/shared/corn.mp3","https://storage.googleapis.com/roar-pa/shared/corn.webp","barn","https://storage.googleapis.com/roar-pa/en/shared/barn.mp3","https://storage.googleapis.com/roar-pa/shared/barn.webp","kite","https://storage.googleapis.com/roar-pa/en/shared/kite.mp3","https://storage.googleapis.com/roar-pa/shared/kite.webp","hop","https://storage.googleapis.com/roar-pa/en/shared/hop.mp3","https://storage.googleapis.com/roar-pa/shared/hop.webp","ns_-097","https://storage.googleapis.com/roar-pa/en/shared/ns_-097.mp3","ns_-013","https://storage.googleapis.com/roar-pa/en/shared/ns_-013.mp3","ns_-013","https://storage.googleapis.com/roar-pa/en/shared/ns_-013.mp3","ns_-013","https://storage.googleapis.com/roar-pa/en/shared/ns_-013.mp3",NA,1,-0.471063952519157,0.333,1,NA,NA,NA,NA,1,-0.535172454708037,0.333,1,NA,NA,NA,NA,NA,NA,NA,NA,NA,NA,NA,NA,NA,NA,NA,NA,1,-1.78650637988562,0.333,1
"22","test","LSM",3,16,"couch","https://storage.googleapis.com/roar-pa/en/shared/couch.mp3","https://storage.googleapis.com/roar-pa/shared/couch.webp","watch","https://storage.googleapis.com/roar-pa/en/shared/watch.mp3","https://storage.googleapis.com/roar-pa/shared/watch.webp","car","https://storage.googleapis.com/roar-pa/en/shared/car.mp3","https://storage.googleapis.com/roar-pa/shared/car.webp","house","https://storage.googleapis.com/roar-pa/en/shared/house.mp3","https://storage.googleapis.com/roar-pa/shared/house.webp","ns_-095","https://storage.googleapis.com/roar-pa/en/shared/ns_-095.mp3","ns_-013","https://storage.googleapis.com/roar-pa/en/shared/ns_-013.mp3","ns_-013","https://storage.googleapis.com/roar-pa/en/shared/ns_-013.mp3","ns_-013","https://storage.googleapis.com/roar-pa/en/shared/ns_-013.mp3",NA,1,-0.225803670759173,0.333,1,NA,NA,NA,NA,1,-0.231052379629709,0.333,1,NA,NA,NA,NA,NA,NA,NA,NA,NA,NA,NA,NA,NA,NA,NA,NA,1,-1.07645632430537,0.333,1
"23","test","LSM",4,24,"clown","https://storage.googleapis.com/roar-pa/en/shared/clown.mp3","https://storage.googleapis.com/roar-pa/shared/clown.webp","yawn","https://storage.googleapis.com/roar-pa/en/shared/yawn.mp3","https://storage.googleapis.com/roar-pa/shared/yawn.webp","car","https://storage.googleapis.com/roar-pa/en/shared/car.mp3","https://storage.googleapis.com/roar-pa/shared/car.webp","house","https://storage.googleapis.com/roar-pa/en/shared/house.mp3","https://storage.googleapis.com/roar-pa/shared/house.webp","ns_-103","https://storage.googleapis.com/roar-pa/en/shared/ns_-103.mp3","ns_-013","https://storage.googleapis.com/roar-pa/en/shared/ns_-013.mp3","ns_-013","https://storage.googleapis.com/roar-pa/en/shared/ns_-013.mp3","ns_-013","https://storage.googleapis.com/roar-pa/en/shared/ns_-013.mp3",NA,1,-0.304529560041414,0.333,1,NA,NA,NA,NA,1,-0.375214333155249,0.333,1,NA,NA,NA,NA,NA,NA,NA,NA,NA,NA,NA,NA,NA,NA,NA,NA,1,-1.49935261335458,0.333,1
"24","test","LSM",5,5,"red","https://storage.googleapis.com/roar-pa/en/shared/red.mp3","https://storage.googleapis.com/roar-pa/shared/red.webp","mad","https://storage.googleapis.com/roar-pa/en/shared/mad.mp3","https://storage.googleapis.com/roar-pa/shared/mad.webp","roof","https://storage.googleapis.com/roar-pa/en/shared/roof.mp3","https://storage.googleapis.com/roar-pa/shared/roof.webp","ten","https://storage.googleapis.com/roar-pa/en/shared/ten.mp3","https://storage.googleapis.com/roar-pa/shared/ten.webp","ns_-084","https://storage.googleapis.com/roar-pa/en/shared/ns_-084.mp3","ns_-013","https://storage.googleapis.com/roar-pa/en/shared/ns_-013.mp3","ns_-013","https://storage.googleapis.com/roar-pa/en/shared/ns_-013.mp3","ns_-013","https://storage.googleapis.com/roar-pa/en/shared/ns_-013.mp3",NA,1,0.52050633720218,0.333,1,NA,NA,NA,NA,1,0.500149983693362,0.333,1,NA,NA,NA,NA,NA,NA,NA,NA,NA,NA,NA,NA,NA,NA,NA,NA,1,-0.480980616736278,0.333,1
"25","test","LSM",6,17,"bridge","https://storage.googleapis.com/roar-pa/en/shared/bridge.mp3","https://storage.googleapis.com/roar-pa/shared/bridge.webp","hedge","https://storage.googleapis.com/roar-pa/en/shared/hedge.mp3","https://storage.googleapis.com/roar-pa/shared/hedge.webp","brown","https://storage.googleapis.com/roar-pa/en/shared/brown.mp3","https://storage.googleapis.com/roar-pa/shared/brown.webp","sick","https://storage.googleapis.com/roar-pa/en/shared/sick.mp3","https://storage.googleapis.com/roar-pa/shared/sick.webp","ns_-096","https://storage.googleapis.com/roar-pa/en/shared/ns_-096.mp3","ns_-013","https://storage.googleapis.com/roar-pa/en/shared/ns_-013.mp3","ns_-013","https://storage.googleapis.com/roar-pa/en/shared/ns_-013.mp3","ns_-013","https://storage.googleapis.com/roar-pa/en/shared/ns_-013.mp3",NA,1,-0.0765484302650945,0.333,1,NA,NA,NA,NA,1,-0.145202774011191,0.333,1,NA,NA,NA,NA,NA,NA,NA,NA,NA,NA,NA,NA,NA,NA,NA,NA,1,-1.1847539153197,0.333,1
"26","test","LSM",7,20,"stamp","https://storage.googleapis.com/roar-pa/en/shared/stamp.mp3","https://storage.googleapis.com/roar-pa/shared/stamp.webp","pup","https://storage.googleapis.com/roar-pa/en/shared/pup.mp3","https://storage.googleapis.com/roar-pa/shared/pup.webp","sun","https://storage.googleapis.com/roar-pa/en/shared/sun.mp3","https://storage.googleapis.com/roar-pa/shared/sun.webp","van","https://storage.googleapis.com/roar-pa/en/shared/van.mp3","https://storage.googleapis.com/roar-pa/shared/van.webp","ns_-099","https://storage.googleapis.com/roar-pa/en/shared/ns_-099.mp3","ns_-013","https://storage.googleapis.com/roar-pa/en/shared/ns_-013.mp3","ns_-013","https://storage.googleapis.com/roar-pa/en/shared/ns_-013.mp3","ns_-013","https://storage.googleapis.com/roar-pa/en/shared/ns_-013.mp3",NA,1,0.450245950088656,0.333,1,NA,NA,NA,NA,1,0.384689523429436,0.333,1,NA,NA,NA,NA,NA,NA,NA,NA,NA,NA,NA,NA,NA,NA,NA,NA,1,-0.0038980167993633,0.333,1
"27","test","LSM",8,22,"horse","https://storage.googleapis.com/roar-pa/en/shared/horse.mp3","https://storage.googleapis.com/roar-pa/shared/horse.webp","purse","https://storage.googleapis.com/roar-pa/en/shared/purse.mp3","https://storage.googleapis.com/roar-pa/shared/purse.webp","hat","https://storage.googleapis.com/roar-pa/en/shared/hat.mp3","https://storage.googleapis.com/roar-pa/shared/hat.webp","dog","https://storage.googleapis.com/roar-pa/en/shared/dog.mp3","https://storage.googleapis.com/roar-pa/shared/dog.webp","ns_-101","https://storage.googleapis.com/roar-pa/en/shared/ns_-101.mp3","ns_-013","https://storage.googleapis.com/roar-pa/en/shared/ns_-013.mp3","ns_-013","https://storage.googleapis.com/roar-pa/en/shared/ns_-013.mp3","ns_-013","https://storage.googleapis.com/roar-pa/en/shared/ns_-013.mp3",NA,1,-1.03559159360067,0.333,1,NA,NA,NA,NA,1,-1.0608977166118,0.333,1,NA,NA,NA,NA,NA,NA,NA,NA,NA,NA,NA,NA,NA,NA,NA,NA,1,-2.3883552010156,0.333,1
"28","test","LSM",9,2,"cut","https://storage.googleapis.com/roar-pa/en/shared/cut.mp3","https://storage.googleapis.com/roar-pa/shared/cut.webp","rat","https://storage.googleapis.com/roar-pa/en/shared/rat.mp3","https://storage.googleapis.com/roar-pa/shared/rat.webp","couch","https://storage.googleapis.com/roar-pa/en/shared/couch.mp3","https://storage.googleapis.com/roar-pa/shared/couch.webp","purse","https://storage.googleapis.com/roar-pa/en/shared/purse.mp3","https://storage.googleapis.com/roar-pa/shared/purse.webp","ns_-081","https://storage.googleapis.com/roar-pa/en/shared/ns_-081.mp3","ns_-013","https://storage.googleapis.com/roar-pa/en/shared/ns_-013.mp3","ns_-013","https://storage.googleapis.com/roar-pa/en/shared/ns_-013.mp3","ns_-013","https://storage.googleapis.com/roar-pa/en/shared/ns_-013.mp3",NA,1,-0.190632359794146,0.333,1,NA,NA,NA,NA,1,-0.299736755389317,0.333,1,NA,NA,NA,NA,NA,NA,NA,NA,NA,NA,NA,NA,NA,NA,NA,NA,1,-1.23015398381356,0.333,1
"29","test","LSM",10,7,"dog","https://storage.googleapis.com/roar-pa/en/shared/dog.mp3","https://storage.googleapis.com/roar-pa/shared/dog.webp","leg","https://storage.googleapis.com/roar-pa/en/shared/leg.mp3","https://storage.googleapis.com/roar-pa/shared/leg.webp","door","https://storage.googleapis.com/roar-pa/en/shared/door.mp3","https://storage.googleapis.com/roar-pa/shared/door.webp","corn","https://storage.googleapis.com/roar-pa/en/shared/corn.mp3","https://storage.googleapis.com/roar-pa/shared/corn.webp","ns_-086","https://storage.googleapis.com/roar-pa/en/shared/ns_-086.mp3","ns_-013","https://storage.googleapis.com/roar-pa/en/shared/ns_-013.mp3","ns_-013","https://storage.googleapis.com/roar-pa/en/shared/ns_-013.mp3","ns_-013","https://storage.googleapis.com/roar-pa/en/shared/ns_-013.mp3",NA,1,-0.0888861045324936,0.333,1,NA,NA,NA,NA,1,-0.206428184327944,0.333,1,NA,NA,NA,NA,NA,NA,NA,NA,NA,NA,NA,NA,NA,NA,NA,NA,1,-0.90850493768247,0.333,1
"30","test","LSM",11,13,"hair","https://storage.googleapis.com/roar-pa/en/shared/hair.mp3","https://storage.googleapis.com/roar-pa/shared/hair.webp","door","https://storage.googleapis.com/roar-pa/en/shared/door.mp3","https://storage.googleapis.com/roar-pa/shared/door.webp","house","https://storage.googleapis.com/roar-pa/en/shared/house.mp3","https://storage.googleapis.com/roar-pa/shared/house.webp","hat","https://storage.googleapis.com/roar-pa/en/shared/hat.mp3","https://storage.googleapis.com/roar-pa/shared/hat.webp","ns_-092","https://storage.googleapis.com/roar-pa/en/shared/ns_-092.mp3","ns_-013","https://storage.googleapis.com/roar-pa/en/shared/ns_-013.mp3","ns_-013","https://storage.googleapis.com/roar-pa/en/shared/ns_-013.mp3","ns_-013","https://storage.googleapis.com/roar-pa/en/shared/ns_-013.mp3",NA,1,0.141745590332729,0.333,1,NA,NA,NA,NA,1,-0.0068079425100794,0.333,1,NA,NA,NA,NA,NA,NA,NA,NA,NA,NA,NA,NA,NA,NA,NA,NA,1,-0.630606912481027,0.333,1
"31","test","LSM",12,21,"pink","https://storage.googleapis.com/roar-pa/en/shared/pink.mp3","https://storage.googleapis.com/roar-pa/shared/pink.webp","skunk","https://storage.googleapis.com/roar-pa/en/shared/skunk.mp3","https://storage.googleapis.com/roar-pa/shared/skunk.webp","prince","https://storage.googleapis.com/roar-pa/en/shared/prince.mp3","https://storage.googleapis.com/roar-pa/shared/prince.webp","zip","https://storage.googleapis.com/roar-pa/en/shared/zip.mp3","https://storage.googleapis.com/roar-pa/shared/zip.webp","ns_-100","https://storage.googleapis.com/roar-pa/en/shared/ns_-100.mp3","ns_-013","https://storage.googleapis.com/roar-pa/en/shared/ns_-013.mp3","ns_-013","https://storage.googleapis.com/roar-pa/en/shared/ns_-013.mp3","ns_-013","https://storage.googleapis.com/roar-pa/en/shared/ns_-013.mp3",NA,1,-0.0089257966733515,0.333,1,NA,NA,NA,NA,1,-0.147052435043096,0.333,1,NA,NA,NA,NA,NA,NA,NA,NA,NA,NA,NA,NA,NA,NA,NA,NA,1,-1.00058627171634,0.333,1
"32","test","LSM",13,1,"car","https://storage.googleapis.com/roar-pa/en/shared/car.mp3","https://storage.googleapis.com/roar-pa/shared/car.webp","ear","https://storage.googleapis.com/roar-pa/en/shared/ear.mp3","https://storage.googleapis.com/roar-pa/shared/ear.webp","cut","https://storage.googleapis.com/roar-pa/en/shared/cut.mp3","https://storage.googleapis.com/roar-pa/shared/cut.webp","wash","https://storage.googleapis.com/roar-pa/en/shared/wash.mp3","https://storage.googleapis.com/roar-pa/shared/wash.webp","ns_-080","https://storage.googleapis.com/roar-pa/en/shared/ns_-080.mp3","ns_-013","https://storage.googleapis.com/roar-pa/en/shared/ns_-013.mp3","ns_-013","https://storage.googleapis.com/roar-pa/en/shared/ns_-013.mp3","ns_-013","https://storage.googleapis.com/roar-pa/en/shared/ns_-013.mp3",NA,1,-0.551099237733164,0.333,1,NA,NA,NA,NA,1,-0.682497041568923,0.333,1,NA,NA,NA,NA,NA,NA,NA,NA,NA,NA,NA,NA,NA,NA,NA,NA,1,-1.73781110138867,0.333,1
"33","test","LSM",14,6,"thief","https://storage.googleapis.com/roar-pa/en/shared/thief.mp3","https://storage.googleapis.com/roar-pa/shared/thief.webp","roof","https://storage.googleapis.com/roar-pa/en/shared/roof.mp3","https://storage.googleapis.com/roar-pa/shared/roof.webp","toe","https://storage.googleapis.com/roar-pa/en/shared/toe.mp3","https://storage.googleapis.com/roar-pa/shared/toe.webp","meat","https://storage.googleapis.com/roar-pa/en/shared/meat.mp3","https://storage.googleapis.com/roar-pa/shared/meat.webp","ns_-085","https://storage.googleapis.com/roar-pa/en/shared/ns_-085.mp3","ns_-013","https://storage.googleapis.com/roar-pa/en/shared/ns_-013.mp3","ns_-013","https://storage.googleapis.com/roar-pa/en/shared/ns_-013.mp3","ns_-013","https://storage.googleapis.com/roar-pa/en/shared/ns_-013.mp3",NA,1,0.553558484328642,0.333,1,NA,NA,NA,NA,1,0.39405811676189,0.333,1,NA,NA,NA,NA,NA,NA,NA,NA,NA,NA,NA,NA,NA,NA,NA,NA,1,0.0127701108997667,0.333,1
"34","test","LSM",15,8,"book","https://storage.googleapis.com/roar-pa/en/shared/book.mp3","https://storage.googleapis.com/roar-pa/shared/book.webp","sick","https://storage.googleapis.com/roar-pa/en/shared/sick.mp3","https://storage.googleapis.com/roar-pa/shared/sick.webp","bell","https://storage.googleapis.com/roar-pa/en/shared/bell.mp3","https://storage.googleapis.com/roar-pa/shared/bell.webp","foot","https://storage.googleapis.com/roar-pa/en/shared/foot.mp3","https://storage.googleapis.com/roar-pa/shared/foot.webp","ns_-087","https://storage.googleapis.com/roar-pa/en/shared/ns_-087.mp3","ns_-013","https://storage.googleapis.com/roar-pa/en/shared/ns_-013.mp3","ns_-013","https://storage.googleapis.com/roar-pa/en/shared/ns_-013.mp3","ns_-013","https://storage.googleapis.com/roar-pa/en/shared/ns_-013.mp3",NA,1,0.0788021700362337,0.333,1,NA,NA,NA,NA,1,-0.095708820627341,0.333,1,NA,NA,NA,NA,NA,NA,NA,NA,NA,NA,NA,NA,NA,NA,NA,NA,1,-0.608869298993483,0.333,1
"35","test","LSM",16,4,"house","https://storage.googleapis.com/roar-pa/en/shared/house.mp3","https://storage.googleapis.com/roar-pa/shared/house.webp","space","https://storage.googleapis.com/roar-pa/en/shared/space.mp3","https://storage.googleapis.com/roar-pa/shared/space.webp","hen","https://storage.googleapis.com/roar-pa/en/shared/hen.mp3","https://storage.googleapis.com/roar-pa/shared/hen.webp","mouth","https://storage.googleapis.com/roar-pa/en/shared/mouth.mp3","https://storage.googleapis.com/roar-pa/shared/mouth.webp","ns_-083","https://storage.googleapis.com/roar-pa/en/shared/ns_-083.mp3","ns_-013","https://storage.googleapis.com/roar-pa/en/shared/ns_-013.mp3","ns_-013","https://storage.googleapis.com/roar-pa/en/shared/ns_-013.mp3","ns_-013","https://storage.googleapis.com/roar-pa/en/shared/ns_-013.mp3",NA,1,0.310654070136242,0.333,1,NA,NA,NA,NA,1,0.126860178624814,0.333,1,NA,NA,NA,NA,NA,NA,NA,NA,NA,NA,NA,NA,NA,NA,NA,NA,1,-0.157240097855035,0.333,1
"36","test","LSM",17,10,"fin","https://storage.googleapis.com/roar-pa/en/shared/fin.mp3","https://storage.googleapis.com/roar-pa/shared/fin.webp","run","https://storage.googleapis.com/roar-pa/en/shared/run.mp3","https://storage.googleapis.com/roar-pa/shared/run.webp","flight","https://storage.googleapis.com/roar-pa/en/shared/flight.mp3","https://storage.googleapis.com/roar-pa/shared/flight.webp","lip","https://storage.googleapis.com/roar-pa/en/shared/lip.mp3","https://storage.googleapis.com/roar-pa/shared/lip.webp","ns_-089","https://storage.googleapis.com/roar-pa/en/shared/ns_-089.mp3","ns_-013","https://storage.googleapis.com/roar-pa/en/shared/ns_-013.mp3","ns_-013","https://storage.googleapis.com/roar-pa/en/shared/ns_-013.mp3","ns_-013","https://storage.googleapis.com/roar-pa/en/shared/ns_-013.mp3",NA,1,0.358838272368706,0.333,1,NA,NA,NA,NA,1,0.208029030778558,0.333,1,NA,NA,NA,NA,NA,NA,NA,NA,NA,NA,NA,NA,NA,NA,NA,NA,1,-0.602556259366327,0.333,1
"37","test","LSM",18,15,"black","https://storage.googleapis.com/roar-pa/en/shared/black.mp3","https://storage.googleapis.com/roar-pa/shared/black.webp","snake","https://storage.googleapis.com/roar-pa/en/shared/snake.mp3","https://storage.googleapis.com/roar-pa/shared/snake.webp","bone","https://storage.googleapis.com/roar-pa/en/shared/bone.mp3","https://storage.googleapis.com/roar-pa/shared/bone.webp","rat","https://storage.googleapis.com/roar-pa/en/shared/rat.mp3","https://storage.googleapis.com/roar-pa/shared/rat.webp","ns_-094","https://storage.googleapis.com/roar-pa/en/shared/ns_-094.mp3","ns_-013","https://storage.googleapis.com/roar-pa/en/shared/ns_-013.mp3","ns_-013","https://storage.googleapis.com/roar-pa/en/shared/ns_-013.mp3","ns_-013","https://storage.googleapis.com/roar-pa/en/shared/ns_-013.mp3",NA,1,0.0924686169185622,0.333,1,NA,NA,NA,NA,1,-0.0845819646612566,0.333,1,NA,NA,NA,NA,NA,NA,NA,NA,NA,NA,NA,NA,NA,NA,NA,NA,1,-0.725848045045294,0.333,1
"38","test","LSM",19,11,"lamb","https://storage.googleapis.com/roar-pa/en/shared/lamb.mp3","https://storage.googleapis.com/roar-pa/shared/lamb.webp","time","https://storage.googleapis.com/roar-pa/en/shared/time.mp3","https://storage.googleapis.com/roar-pa/shared/time.webp","leg","https://storage.googleapis.com/roar-pa/en/shared/leg.mp3","https://storage.googleapis.com/roar-pa/shared/leg.webp","mad","https://storage.googleapis.com/roar-pa/en/shared/mad.mp3","https://storage.googleapis.com/roar-pa/shared/mad.webp","ns_-090","https://storage.googleapis.com/roar-pa/en/shared/ns_-090.mp3","ns_-013","https://storage.googleapis.com/roar-pa/en/shared/ns_-013.mp3","ns_-013","https://storage.googleapis.com/roar-pa/en/shared/ns_-013.mp3","ns_-013","https://storage.googleapis.com/roar-pa/en/shared/ns_-013.mp3",NA,1,1.57338029639989,0.333,1,NA,NA,NA,NA,1,1.38144633350601,0.333,1,NA,NA,NA,NA,NA,NA,NA,NA,NA,NA,NA,NA,NA,NA,NA,NA,1,2.48809920806192,0.333,1
"39","test","DEL",1,1,"(butter)fly","https://storage.googleapis.com/roar-pa/en/shared/butterfly.mp3","https://storage.googleapis.com/roar-pa/shared/butterfly.webp","fly","https://storage.googleapis.com/roar-pa/en/shared/fly.mp3","https://storage.googleapis.com/roar-pa/shared/fly.webp","butter","https://storage.googleapis.com/roar-pa/en/shared/butter.mp3","https://storage.googleapis.com/roar-pa/shared/butter.webp","butterfly","https://storage.googleapis.com/roar-pa/en/shared/butterfly.mp3","https://storage.googleapis.com/roar-pa/shared/butterfly.webp","ns_-136","https://storage.googleapis.com/roar-pa/en/shared/ns_-136.mp3","ns_-013","https://storage.googleapis.com/roar-pa/en/shared/ns_-013.mp3","ns_-013","https://storage.googleapis.com/roar-pa/en/shared/ns_-013.mp3","ns_-013","https://storage.googleapis.com/roar-pa/en/shared/ns_-013.mp3",NA,1,-1.35800740168518,0.333,1,NA,NA,NA,NA,NA,NA,NA,NA,1,-1.31831097819033,0.333,1,NA,NA,NA,NA,NA,NA,NA,NA,NA,NA,NA,NA,1,-2.546174144722,0.333,1
"40","test","DEL",2,5,"cup(cake)","https://storage.googleapis.com/roar-pa/en/shared/cupcake.mp3","https://storage.googleapis.com/roar-pa/shared/cupcake.webp","cup","https://storage.googleapis.com/roar-pa/en/shared/cup.mp3","https://storage.googleapis.com/roar-pa/shared/cup.webp","cake","https://storage.googleapis.com/roar-pa/en/shared/cake.mp3","https://storage.googleapis.com/roar-pa/shared/cake.webp","cupcake","https://storage.googleapis.com/roar-pa/en/shared/cupcake.mp3","https://storage.googleapis.com/roar-pa/shared/cupcake.webp","ns_-140","https://storage.googleapis.com/roar-pa/en/shared/ns_-140.mp3","ns_-013","https://storage.googleapis.com/roar-pa/en/shared/ns_-013.mp3","ns_-013","https://storage.googleapis.com/roar-pa/en/shared/ns_-013.mp3","ns_-013","https://storage.googleapis.com/roar-pa/en/shared/ns_-013.mp3",NA,1,-1.02202491371549,0.333,1,NA,NA,NA,NA,NA,NA,NA,NA,1,-1.01187676592262,0.333,1,NA,NA,NA,NA,NA,NA,NA,NA,NA,NA,NA,NA,1,-2.27402610058278,0.333,1
"41","test","DEL",3,4,"(rattle)snake","https://storage.googleapis.com/roar-pa/en/shared/rattlesnake.mp3","https://storage.googleapis.com/roar-pa/shared/rattlesnake.webp","snake","https://storage.googleapis.com/roar-pa/en/shared/snake.mp3","https://storage.googleapis.com/roar-pa/shared/snake.webp","rattle","https://storage.googleapis.com/roar-pa/en/shared/rattle.mp3","https://storage.googleapis.com/roar-pa/shared/rattle.webp","rattlesnake","https://storage.googleapis.com/roar-pa/en/shared/rattlesnake.mp3","https://storage.googleapis.com/roar-pa/shared/rattlesnake.webp","ns_-139","https://storage.googleapis.com/roar-pa/en/shared/ns_-139.mp3","ns_-013","https://storage.googleapis.com/roar-pa/en/shared/ns_-013.mp3","ns_-013","https://storage.googleapis.com/roar-pa/en/shared/ns_-013.mp3","ns_-013","https://storage.googleapis.com/roar-pa/en/shared/ns_-013.mp3",NA,1,-0.735215062709895,0.333,1,NA,NA,NA,NA,NA,NA,NA,NA,1,-0.752996581618713,0.333,1,NA,NA,NA,NA,NA,NA,NA,NA,NA,NA,NA,NA,1,-1.85487625439121,0.333,1
"42","test","DEL",4,7,"pop(corn)","https://storage.googleapis.com/roar-pa/en/shared/popcorn.mp3","https://storage.googleapis.com/roar-pa/shared/popcorn.webp","pop","https://storage.googleapis.com/roar-pa/en/shared/pop.mp3","https://storage.googleapis.com/roar-pa/shared/pop.webp","corn","https://storage.googleapis.com/roar-pa/en/shared/corn.mp3","https://storage.googleapis.com/roar-pa/shared/corn.webp","popcorn","https://storage.googleapis.com/roar-pa/en/shared/popcorn.mp3","https://storage.googleapis.com/roar-pa/shared/popcorn.webp","ns_-142","https://storage.googleapis.com/roar-pa/en/shared/ns_-142.mp3","ns_-013","https://storage.googleapis.com/roar-pa/en/shared/ns_-013.mp3","ns_-013","https://storage.googleapis.com/roar-pa/en/shared/ns_-013.mp3","ns_-013","https://storage.googleapis.com/roar-pa/en/shared/ns_-013.mp3",NA,1,-0.909632907915531,0.333,1,NA,NA,NA,NA,NA,NA,NA,NA,1,-0.926448642015326,0.333,1,NA,NA,NA,NA,NA,NA,NA,NA,NA,NA,NA,NA,1,-2.10780917441081,0.333,1
"43","test","DEL",5,6,"mail(box)","https://storage.googleapis.com/roar-pa/en/shared/mailbox.mp3","https://storage.googleapis.com/roar-pa/shared/mailbox.webp","mail","https://storage.googleapis.com/roar-pa/en/shared/mail.mp3","https://storage.googleapis.com/roar-pa/shared/mail.webp","box","https://storage.googleapis.com/roar-pa/en/shared/box.mp3","https://storage.googleapis.com/roar-pa/shared/box.webp","mailbox","https://storage.googleapis.com/roar-pa/en/shared/mailbox.mp3","https://storage.googleapis.com/roar-pa/shared/mailbox.webp","ns_-141","https://storage.googleapis.com/roar-pa/en/shared/ns_-141.mp3","ns_-013","https://storage.googleapis.com/roar-pa/en/shared/ns_-013.mp3","ns_-013","https://storage.googleapis.com/roar-pa/en/shared/ns_-013.mp3","ns_-013","https://storage.googleapis.com/roar-pa/en/shared/ns_-013.mp3",NA,1,-0.810897391482955,0.333,1,NA,NA,NA,NA,NA,NA,NA,NA,1,-0.826918054016747,0.333,1,NA,NA,NA,NA,NA,NA,NA,NA,NA,NA,NA,NA,1,-1.9321207763313,0.333,1
"44","test","DEL",6,8,"lip(stick)","https://storage.googleapis.com/roar-pa/en/shared/lipstick.mp3","https://storage.googleapis.com/roar-pa/shared/lipstick.webp","lip","https://storage.googleapis.com/roar-pa/en/shared/lip.mp3","https://storage.googleapis.com/roar-pa/shared/lip.webp","stick","https://storage.googleapis.com/roar-pa/en/shared/stick.mp3","https://storage.googleapis.com/roar-pa/shared/stick.webp","lipstick","https://storage.googleapis.com/roar-pa/en/shared/lipstick.mp3","https://storage.googleapis.com/roar-pa/shared/lipstick.webp","ns_-143","https://storage.googleapis.com/roar-pa/en/shared/ns_-143.mp3","ns_-013","https://storage.googleapis.com/roar-pa/en/shared/ns_-013.mp3","ns_-013","https://storage.googleapis.com/roar-pa/en/shared/ns_-013.mp3","ns_-013","https://storage.googleapis.com/roar-pa/en/shared/ns_-013.mp3",NA,1,-0.990945415070955,0.333,1,NA,NA,NA,NA,NA,NA,NA,NA,1,-0.993822880311734,0.333,1,NA,NA,NA,NA,NA,NA,NA,NA,NA,NA,NA,NA,1,-2.22029163766837,0.333,1
"45","test","DEL",7,3,"space(ship)","https://storage.googleapis.com/roar-pa/en/shared/spaceship.mp3","https://storage.googleapis.com/roar-pa/shared/spaceship.webp","space","https://storage.googleapis.com/roar-pa/en/shared/space.mp3","https://storage.googleapis.com/roar-pa/shared/space.webp","ship","https://storage.googleapis.com/roar-pa/en/shared/ship.mp3","https://storage.googleapis.com/roar-pa/shared/ship.webp","spaceship","https://storage.googleapis.com/roar-pa/en/shared/spaceship.mp3","https://storage.googleapis.com/roar-pa/shared/spaceship.webp","ns_-138","https://storage.googleapis.com/roar-pa/en/shared/ns_-138.mp3","ns_-013","https://storage.googleapis.com/roar-pa/en/shared/ns_-013.mp3","ns_-013","https://storage.googleapis.com/roar-pa/en/shared/ns_-013.mp3","ns_-013","https://storage.googleapis.com/roar-pa/en/shared/ns_-013.mp3",NA,1,-1.14063852632884,0.333,1,NA,NA,NA,NA,NA,NA,NA,NA,1,-1.15092065803063,0.333,1,NA,NA,NA,NA,NA,NA,NA,NA,NA,NA,NA,NA,1,-2.24295332202012,0.333,1
"46","test","DEL",8,11,"car(d)","https://storage.googleapis.com/roar-pa/en/shared/card.mp3","https://storage.googleapis.com/roar-pa/shared/card.webp","car","https://storage.googleapis.com/roar-pa/en/shared/car.mp3","https://storage.googleapis.com/roar-pa/shared/car.webp","cat","https://storage.googleapis.com/roar-pa/en/shared/cat.mp3","https://storage.googleapis.com/roar-pa/shared/cat.webp","card","https://storage.googleapis.com/roar-pa/en/shared/card.mp3","https://storage.googleapis.com/roar-pa/shared/card.webp","ns_-146","https://storage.googleapis.com/roar-pa/en/shared/ns_-146.mp3","ns_-013","https://storage.googleapis.com/roar-pa/en/shared/ns_-013.mp3","ns_-013","https://storage.googleapis.com/roar-pa/en/shared/ns_-013.mp3","ns_-013","https://storage.googleapis.com/roar-pa/en/shared/ns_-013.mp3",NA,1,-0.397398127591873,0.333,1,NA,NA,NA,NA,NA,NA,NA,NA,1,-0.428108504752014,0.333,1,NA,NA,NA,NA,NA,NA,NA,NA,NA,NA,NA,NA,1,-1.3838573730455,0.333,1
"47","test","DEL",9,9,"(f)arm","https://storage.googleapis.com/roar-pa/en/shared/farm.mp3","https://storage.googleapis.com/roar-pa/shared/farm.webp","arm","https://storage.googleapis.com/roar-pa/en/shared/arm.mp3","https://storage.googleapis.com/roar-pa/shared/arm.webp","warm","https://storage.googleapis.com/roar-pa/en/shared/warm.mp3","https://storage.googleapis.com/roar-pa/shared/warm.webp","farm","https://storage.googleapis.com/roar-pa/en/shared/farm.mp3","https://storage.googleapis.com/roar-pa/shared/farm.webp","ns_-144","https://storage.googleapis.com/roar-pa/en/shared/ns_-144.mp3","ns_-013","https://storage.googleapis.com/roar-pa/en/shared/ns_-013.mp3","ns_-013","https://storage.googleapis.com/roar-pa/en/shared/ns_-013.mp3","ns_-013","https://storage.googleapis.com/roar-pa/en/shared/ns_-013.mp3",NA,1,-0.413198862999994,0.333,1,NA,NA,NA,NA,NA,NA,NA,NA,1,-0.475875616542152,0.333,1,NA,NA,NA,NA,NA,NA,NA,NA,NA,NA,NA,NA,1,-1.51587714372598,0.333,1
"48","test","DEL",10,13,"f(in)","https://storage.googleapis.com/roar-pa/en/shared/fin.mp3","https://storage.googleapis.com/roar-pa/shared/fin.webp","in","https://storage.googleapis.com/roar-pa/en/shared/in.mp3","https://storage.googleapis.com/roar-pa/shared/in.webp","pin","https://storage.googleapis.com/roar-pa/en/shared/pin.mp3","https://storage.googleapis.com/roar-pa/shared/pin.webp","fin","https://storage.googleapis.com/roar-pa/en/shared/fin.mp3","https://storage.googleapis.com/roar-pa/shared/fin.webp","ns_-148","https://storage.googleapis.com/roar-pa/en/shared/ns_-148.mp3","ns_-013","https://storage.googleapis.com/roar-pa/en/shared/ns_-013.mp3","ns_-013","https://storage.googleapis.com/roar-pa/en/shared/ns_-013.mp3","ns_-013","https://storage.googleapis.com/roar-pa/en/shared/ns_-013.mp3",NA,1,0.321030516610341,0.333,1,NA,NA,NA,NA,NA,NA,NA,NA,1,0.215145329819596,0.333,1,NA,NA,NA,NA,NA,NA,NA,NA,NA,NA,NA,NA,1,-0.556863133469991,0.333,1
"49","test","DEL",11,16,"bo(ne)","https://storage.googleapis.com/roar-pa/en/shared/bone.mp3","https://storage.googleapis.com/roar-pa/shared/bone.webp","bow","https://storage.googleapis.com/roar-pa/en/shared/bow.mp3","https://storage.googleapis.com/roar-pa/shared/bow.webp","boat","https://storage.googleapis.com/roar-pa/en/shared/boat.mp3","https://storage.googleapis.com/roar-pa/shared/boat.webp","bone","https://storage.googleapis.com/roar-pa/en/shared/bone.mp3","https://storage.googleapis.com/roar-pa/shared/bone.webp","ns_-151","https://storage.googleapis.com/roar-pa/en/shared/ns_-151.mp3","ns_-013","https://storage.googleapis.com/roar-pa/en/shared/ns_-013.mp3","ns_-013","https://storage.googleapis.com/roar-pa/en/shared/ns_-013.mp3","ns_-013","https://storage.googleapis.com/roar-pa/en/shared/ns_-013.mp3",NA,1,0.0129201040421645,0.333,1,NA,NA,NA,NA,NA,NA,NA,NA,1,-0.0925250255312915,0.333,1,NA,NA,NA,NA,NA,NA,NA,NA,NA,NA,NA,NA,1,-1.02232778495632,0.333,1
"50","test","DEL",12,10,"(m)ice","https://storage.googleapis.com/roar-pa/en/shared/mice.mp3","https://storage.googleapis.com/roar-pa/shared/mice.webp","ice","https://storage.googleapis.com/roar-pa/en/shared/ice.mp3","https://storage.googleapis.com/roar-pa/shared/ice.webp","eye","https://storage.googleapis.com/roar-pa/en/shared/eye.mp3","https://storage.googleapis.com/roar-pa/shared/eye.webp","mice","https://storage.googleapis.com/roar-pa/en/shared/mice.mp3","https://storage.googleapis.com/roar-pa/shared/mice.webp","ns_-145","https://storage.googleapis.com/roar-pa/en/shared/ns_-145.mp3","ns_-013","https://storage.googleapis.com/roar-pa/en/shared/ns_-013.mp3","ns_-013","https://storage.googleapis.com/roar-pa/en/shared/ns_-013.mp3","ns_-013","https://storage.googleapis.com/roar-pa/en/shared/ns_-013.mp3",NA,1,-0.834778682068507,0.333,1,NA,NA,NA,NA,NA,NA,NA,NA,1,-0.901603643405475,0.333,1,NA,NA,NA,NA,NA,NA,NA,NA,NA,NA,NA,NA,1,-1.84212744917947,0.333,1
"51","test","DEL",13,14,"(p)ink","https://storage.googleapis.com/roar-pa/en/shared/pink.mp3","https://storage.googleapis.com/roar-pa/shared/pink.webp","ink","https://storage.googleapis.com/roar-pa/en/shared/ink.mp3","https://storage.googleapis.com/roar-pa/shared/ink.webp","pin","https://storage.googleapis.com/roar-pa/en/shared/pin.mp3","https://storage.googleapis.com/roar-pa/shared/pin.webp","pink","https://storage.googleapis.com/roar-pa/en/shared/pink.mp3","https://storage.googleapis.com/roar-pa/shared/pink.webp","ns_-149","https://storage.googleapis.com/roar-pa/en/shared/ns_-149.mp3","ns_-013","https://storage.googleapis.com/roar-pa/en/shared/ns_-013.mp3","ns_-013","https://storage.googleapis.com/roar-pa/en/shared/ns_-013.mp3","ns_-013","https://storage.googleapis.com/roar-pa/en/shared/ns_-013.mp3",NA,1,-0.905378161184872,0.333,1,NA,NA,NA,NA,NA,NA,NA,NA,1,-0.972752955124387,0.333,1,NA,NA,NA,NA,NA,NA,NA,NA,NA,NA,NA,NA,1,-1.86316438537016,0.333,1
"52","test","DEL",14,15,"(s)top","https://storage.googleapis.com/roar-pa/en/shared/stop.mp3","https://storage.googleapis.com/roar-pa/shared/stop.webp","top","https://storage.googleapis.com/roar-pa/en/shared/top.mp3","https://storage.googleapis.com/roar-pa/shared/top.webp","stamp","https://storage.googleapis.com/roar-pa/en/shared/stamp.mp3","https://storage.googleapis.com/roar-pa/shared/stamp.webp","stop","https://storage.googleapis.com/roar-pa/en/shared/stop.mp3","https://storage.googleapis.com/roar-pa/shared/stop.webp","ns_-150","https://storage.googleapis.com/roar-pa/en/shared/ns_-150.mp3","ns_-013","https://storage.googleapis.com/roar-pa/en/shared/ns_-013.mp3","ns_-013","https://storage.googleapis.com/roar-pa/en/shared/ns_-013.mp3","ns_-013","https://storage.googleapis.com/roar-pa/en/shared/ns_-013.mp3",NA,1,-0.702901944868494,0.333,1,NA,NA,NA,NA,NA,NA,NA,NA,1,-0.782768095271473,0.333,1,NA,NA,NA,NA,NA,NA,NA,NA,NA,NA,NA,NA,1,-1.56030604337428,0.333,1
"53","test","DEL",15,17,"s(n)ail","https://storage.googleapis.com/roar-pa/en/shared/snail.mp3","https://storage.googleapis.com/roar-pa/shared/snail.webp","sail","https://storage.googleapis.com/roar-pa/en/shared/sail.mp3","https://storage.googleapis.com/roar-pa/shared/sail.webp","sun","https://storage.googleapis.com/roar-pa/en/shared/sun.mp3","https://storage.googleapis.com/roar-pa/shared/sun.webp","snail","https://storage.googleapis.com/roar-pa/en/shared/snail.mp3","https://storage.googleapis.com/roar-pa/shared/snail.webp","ns_-152","https://storage.googleapis.com/roar-pa/en/shared/ns_-152.mp3","ns_-013","https://storage.googleapis.com/roar-pa/en/shared/ns_-013.mp3","ns_-013","https://storage.googleapis.com/roar-pa/en/shared/ns_-013.mp3","ns_-013","https://storage.googleapis.com/roar-pa/en/shared/ns_-013.mp3",NA,1,-0.384139970486405,0.333,1,NA,NA,NA,NA,NA,NA,NA,NA,1,-0.491330838821718,0.333,1,NA,NA,NA,NA,NA,NA,NA,NA,NA,NA,NA,NA,1,-1.52850837263676,0.333,1
"54","test","DEL",16,18,"ti(g)er","https://storage.googleapis.com/roar-pa/en/shared/tiger.mp3","https://storage.googleapis.com/roar-pa/shared/tiger.webp","tire","https://storage.googleapis.com/roar-pa/en/shared/tire.mp3","https://storage.googleapis.com/roar-pa/shared/tire.webp","time","https://storage.googleapis.com/roar-pa/en/shared/time.mp3","https://storage.googleapis.com/roar-pa/shared/time.webp","tiger","https://storage.googleapis.com/roar-pa/en/shared/tiger.mp3","https://storage.googleapis.com/roar-pa/shared/tiger.webp","ns_-153","https://storage.googleapis.com/roar-pa/en/shared/ns_-153.mp3","ns_-013","https://storage.googleapis.com/roar-pa/en/shared/ns_-013.mp3","ns_-013","https://storage.googleapis.com/roar-pa/en/shared/ns_-013.mp3","ns_-013","https://storage.googleapis.com/roar-pa/en/shared/ns_-013.mp3",NA,1,-0.383105916366306,0.333,1,NA,NA,NA,NA,NA,NA,NA,NA,1,-0.492725067230819,0.333,1,NA,NA,NA,NA,NA,NA,NA,NA,NA,NA,NA,NA,1,-1.48951553557425,0.333,1
"55","test","DEL",17,22,"c(r)ab","https://storage.googleapis.com/roar-pa/en/shared/crab.mp3","https://storage.googleapis.com/roar-pa/shared/crab.webp","cab","https://storage.googleapis.com/roar-pa/en/shared/cab.mp3","https://storage.googleapis.com/roar-pa/shared/cab.webp","cat","https://storage.googleapis.com/roar-pa/en/shared/cat.mp3","https://storage.googleapis.com/roar-pa/shared/cat.webp","crab","https://storage.googleapis.com/roar-pa/en/shared/crab.mp3","https://storage.googleapis.com/roar-pa/shared/crab.webp","ns_-157","https://storage.googleapis.com/roar-pa/en/shared/ns_-157.mp3","ns_-013","https://storage.googleapis.com/roar-pa/en/shared/ns_-013.mp3","ns_-013","https://storage.googleapis.com/roar-pa/en/shared/ns_-013.mp3","ns_-013","https://storage.googleapis.com/roar-pa/en/shared/ns_-013.mp3",NA,1,0.62932260219765,0.333,1,NA,NA,NA,NA,NA,NA,NA,NA,1,0.46854416617483,0.333,1,NA,NA,NA,NA,NA,NA,NA,NA,NA,NA,NA,NA,1,-0.622369867136154,0.333,1
"56","test","DEL",18,20,"gho(s)t","https://storage.googleapis.com/roar-pa/en/shared/ghost.mp3","https://storage.googleapis.com/roar-pa/shared/ghost.webp","goat","https://storage.googleapis.com/roar-pa/en/shared/goat.mp3","https://storage.googleapis.com/roar-pa/shared/goat.webp","gold","https://storage.googleapis.com/roar-pa/en/shared/gold.mp3","https://storage.googleapis.com/roar-pa/shared/gold.webp","ghost","https://storage.googleapis.com/roar-pa/en/shared/ghost.mp3","https://storage.googleapis.com/roar-pa/shared/ghost.webp","ns_-155","https://storage.googleapis.com/roar-pa/en/shared/ns_-155.mp3","ns_-013","https://storage.googleapis.com/roar-pa/en/shared/ns_-013.mp3","ns_-013","https://storage.googleapis.com/roar-pa/en/shared/ns_-013.mp3","ns_-013","https://storage.googleapis.com/roar-pa/en/shared/ns_-013.mp3",NA,1,-0.264986860500814,0.333,1,NA,NA,NA,NA,NA,NA,NA,NA,1,-0.377962778189242,0.333,1,NA,NA,NA,NA,NA,NA,NA,NA,NA,NA,NA,NA,1,-1.43791129366125,0.333,1
"57","test","DEL",19,21,"b(l)ack","https://storage.googleapis.com/roar-pa/en/shared/black.mp3","https://storage.googleapis.com/roar-pa/shared/black.webp","back","https://storage.googleapis.com/roar-pa/en/shared/back.mp3","https://storage.googleapis.com/roar-pa/shared/back.webp","bat","https://storage.googleapis.com/roar-pa/en/shared/bat.mp3","https://storage.googleapis.com/roar-pa/shared/bat.webp","black","https://storage.googleapis.com/roar-pa/en/shared/black.mp3","https://storage.googleapis.com/roar-pa/shared/black.webp","ns_-156","https://storage.googleapis.com/roar-pa/en/shared/ns_-156.mp3","ns_-013","https://storage.googleapis.com/roar-pa/en/shared/ns_-013.mp3","ns_-013","https://storage.googleapis.com/roar-pa/en/shared/ns_-013.mp3","ns_-013","https://storage.googleapis.com/roar-pa/en/shared/ns_-013.mp3",NA,1,0.956240771275713,0.333,1,NA,NA,NA,NA,NA,NA,NA,NA,1,0.735074368785885,0.333,1,NA,NA,NA,NA,NA,NA,NA,NA,NA,NA,NA,NA,1,0.00704714666600022,0.333,1
